<?xml version="1.0"?>
<!DOCTYPE hibernate-mapping PUBLIC "-//Hibernate/Hibernate Mapping DTD 3.0//EN"
"http://www.hibernate.org/dtd/hibernate-mapping-3.0.dtd">
<!-- Generated 24-feb-2021 12:11:06 by Hibernate Tools 4.3.1 -->
<hibernate-mapping>
    <class name="POJOS.Personaje" table="personaje" catalog="juego" optimistic-lock="version">
        <id name="id" type="int">
            <column name="id" />
            <generator class="assigned" />
        </id>
        <property name="nombre" type="string">
            <column name="nombre" length="20" not-null="true" />
        </property>
        <property name="vida" type="java.lang.Integer">
            <column name="vida" />
        </property>
    </class>
</hibernate-mapping>
